Iteration,AUC,Log_Loss,Predicted_Probabilities
0,0.931747137446123,0.242791778352948,[0.00112274 0.00320733 0.13001013 ... 0.00091394 0.02622334 0.01286662]
1,0.9342548652531673,0.23896310554569025,[0.00127469 0.0024196  0.10350803 ... 0.00092197 0.03159842 0.0117956 ]
